test_name,elapsed_times,native_file_size
bn128_pairing-ten_point_match_1,"0.0182069, 0.0164416, 0.0185337, 0.0157697, 0.0157406, 0.0155983, 0.0155539, 0.0156021, 0.0157486, 0.0154983, 0.0161222, 0.0155558, 0.0157374, 0.0157072, 0.015677, 0.0155609, 0.0153102, 0.0155513, 0.0157243, 0.0157715, 0.0153604, 0.0153823, 0.0153851, 0.015649, 0.0155105, 0.0154976, 0.0154589, 0.0152952, 0.0162682, 0.015677, 0.0153902, 0.0156003, 0.0154906, 0.0157856, 0.0154463, 0.0154481, 0.0182815, 0.0162625, 0.0157357, 0.0154803, 0.0156565, 0.0155575, 0.0157428, 0.0155452, 0.0156808, 0.0153624, 0.015559, 0.0152746, 0.0156759",1183408
bn128_pairing-one_point,"0.0043218, 0.0039758, 0.0036362, 0.0036645, 0.003507, 0.004030599, 0.0044035, 0.004325, 0.0048637, 0.0034834, 0.004239, 0.004035199, 0.0042278, 0.0038976, 0.0033587, 0.003366, 0.0034456, 0.0033428, 0.0034222, 0.0034759, 0.0033549, 0.0034539, 0.0033416, 0.0034203, 0.0034275, 0.0033989, 0.0034641, 0.0033225, 0.0033353, 0.0034679, 0.0033687, 0.0033979, 0.0034069, 0.0033463, 0.0033309, 0.0032891, 0.0033577, 0.0035221, 0.0032585, 0.0033043, 0.00347, 0.0033266, 0.0032462, 0.0032403, 0.0033971, 0.003369, 0.003255, 0.003269, 0.003503",1175216
bn128_pairing-two_point_match_2,"0.0048619, 0.0047417, 0.0042977, 0.0042484, 0.0046929, 0.0047333, 0.0040248, 0.0041231, 0.004798, 0.005454, 0.0040418, 0.00425, 0.004004699, 0.0039682, 0.0039847, 0.004102299, 0.0040332, 0.0039556, 0.0041203, 0.0039687, 0.004003599, 0.00403, 0.0039733, 0.0040054, 0.0040193, 0.004136, 0.003987, 0.0039779, 0.0041321, 0.0039744, 0.0040283, 0.004026799, 0.003944, 0.0038744, 0.0040388, 0.0041252, 0.0044707, 0.0038625, 0.004006199, 0.0038731, 0.0039007, 0.0038689, 0.0038784, 0.0038659, 0.0040579, 0.004043199, 0.0038674, 0.0040191, 0.0038673",1179312
bn128_mul-cdetrio11,"0.0003172, 0.000236, 0.000312, 0.0003017, 0.0003015, 0.0002933, 0.0002925, 0.0002921, 0.000284, 0.0002838, 0.000283, 0.0002841, 0.0002853, 0.0003068, 0.0003013, 0.0003564, 0.0002343, 0.0002339, 0.0002344, 0.0002389, 0.0002354, 0.0002338, 0.0002407, 0.0002344, 0.0002351, 0.0002361, 0.0002338, 0.000235, 0.0002358, 0.0002357, 0.0002426, 0.0002345, 0.0002343, 0.0002344, 0.0002346, 0.0002343, 0.0002343, 0.0003729, 0.0002435, 0.0002395, 0.0002737, 0.0002413, 0.0002627, 0.0002853, 0.0002997, 0.0002534, 0.0002348, 0.0002346, 0.0002347",894280
bn128_mul-chfast2,"0.0001552, 0.0001513, 0.0001609, 0.0001501, 0.0001504, 0.0001504, 0.0001462, 0.0001339, 0.0001253, 0.0001217, 0.0001211, 0.0001209, 0.0001216, 0.0001215, 0.0001213, 0.0001211, 0.0001223, 0.0001216, 0.0001211, 0.0001214, 0.000121, 0.0001213, 0.0001214, 0.000121, 0.0001211, 0.0001215, 0.0001238, 0.0001207, 0.0001217, 0.0001211, 0.0001217, 0.0001233, 0.000121, 0.0001214, 0.0001212, 0.0001215, 0.0001236, 0.0001217, 0.0003041, 0.0001211, 0.0001209, 0.000121, 0.0001208, 0.0001213, 0.0001711, 0.0001214, 0.0001231, 0.0001212, 0.0001215",894280
bn128_mul-chfast1,"7.81e-05, 7.78e-05, 7.68e-05, 7.47e-05, 7.49e-05, 9e-05, 8.4e-05, 7.85e-05, 7.66e-05, 7.73e-05, 7.73e-05, 7.46e-05, 7.69e-05, 7.77e-05, 7.68e-05, 8e-05, 7.96e-05, 8.26e-05, 8.93e-05, 8.14e-05, 8.15e-05, 7.91e-05, 7.92e-05, 7.67e-05, 7.72e-05, 7.62e-05, 7.64e-05, 7.68e-05, 7.45e-05, 7.22e-05, 7.33e-05, 6.34e-05, 6.29e-05, 6.33e-05, 6.35e-05, 6.33e-05, 6.35e-05, 6.32e-05, 6.37e-05, 6.35e-05, 6.38e-05, 6.37e-05, 6.36e-05, 6.4e-05, 6.32e-05, 6.33e-05, 6.29e-05, 6.31e-05, 6.35e-05",894280
bn128_mul-chfast3,"0.0002521, 0.000252, 0.0002517, 0.000269, 0.0002444, 0.0002454, 0.0002263, 0.0002202, 0.0001983, 0.0001998, 0.000203, 0.000203, 0.0002107, 0.0002039, 0.0002029, 0.0002032, 0.0002034, 0.0002118, 0.0002035, 0.0002034, 0.0002039, 0.0002035, 0.0002038, 0.0002035, 0.0002037, 0.0002037, 0.0002039, 0.0002035, 0.0002057, 0.0002038, 0.0002054, 0.0002033, 0.0002032, 0.0002036, 0.0002031, 0.0002033, 0.0002044, 0.0002023, 0.0002097, 0.0002034, 0.0002036, 0.0002035, 0.000203, 0.0002028, 0.0002627, 0.0002042, 0.0002029, 0.0002065, 0.0002035",894280
bn128_mul-cdetrio2,"0.0002476, 0.0002467, 0.0002439, 0.0002789, 0.0002373, 0.0002127, 0.0002554, 0.0002103, 0.0001927, 0.0001979, 0.0001931, 0.0001929, 0.0001929, 0.0002082, 0.0002022, 0.0002021, 0.0002149, 0.0002027, 0.0002013, 0.0002024, 0.0002024, 0.000203, 0.0002042, 0.0002026, 0.000203, 0.0002021, 0.000202, 0.0002085, 0.0002029, 0.0002021, 0.0002023, 0.0002023, 0.0002039, 0.0002029, 0.0002032, 0.0002022, 0.0002019, 0.0002049, 0.0002022, 0.000202, 0.0002022, 0.0002031, 0.0002382, 0.0002028, 0.0002091, 0.0002019, 0.0001972, 0.0002038, 0.0001974",894280
bn128_mul-cdetrio6,"0.0002847, 0.0002838, 0.0002832, 0.0002824, 0.0002829, 0.0002752, 0.0002683, 0.000234, 0.0002287, 0.0002289, 0.0002289, 0.0002282, 0.0002276, 0.0002286, 0.0002285, 0.0002344, 0.0002276, 0.0002269, 0.0002332, 0.0002282, 0.0002288, 0.0002286, 0.0002287, 0.0002283, 0.0002277, 0.0002284, 0.0002288, 0.0002277, 0.000229, 0.0002765, 0.0002286, 0.0002283, 0.0002287, 0.0002288, 0.0002341, 0.0002277, 0.0002288, 0.0002275, 0.0002278, 0.0002286, 0.0002281, 0.0002283, 0.0002283, 0.0002283, 0.0002281, 0.0002292, 0.0002285, 0.0002283, 0.0002289",894280
bn128_mul-cdetrio7,"0.0002471, 0.0002478, 0.0002454, 0.0002761, 0.0002479, 0.0002442, 0.0002443, 0.0002375, 0.0002308, 0.0002076, 0.0001975, 0.0001973, 0.0001972, 0.0001972, 0.0001971, 0.000197, 0.0001978, 0.0001964, 0.0001977, 0.000198, 0.0002027, 0.0001971, 0.0001977, 0.0002023, 0.0002025, 0.0002028, 0.0002024, 0.0002031, 0.0002028, 0.0002023, 0.0002025, 0.0002032, 0.0002027, 0.000202, 0.0002021, 0.0002034, 0.0002021, 0.0002024, 0.0002027, 0.0002026, 0.0002025, 0.0002025, 0.0002022, 0.0002108, 0.0002024, 0.0002028, 0.0002017, 0.0002008, 0.000202",894280
bn128_mul-cdetrio12,"0.0002459, 0.0002562, 0.0002447, 0.0002443, 0.0002364, 0.0002378, 0.0002373, 0.0002309, 0.0002242, 0.0001974, 0.0002605, 0.0002068, 0.0002321, 0.0002379, 0.0002383, 0.000249, 0.0002375, 0.0002367, 0.0002762, 0.000218, 0.0001973, 0.000208, 0.0002017, 0.0002017, 0.0002024, 0.0002021, 0.000208, 0.0002021, 0.0002019, 0.0002022, 0.000202, 0.0002031, 0.0002022, 0.0002026, 0.0002018, 0.000202, 0.0002028, 0.0002019, 0.0002027, 0.0002028, 0.000202, 0.000202, 0.0002024, 0.0002019, 0.0002021, 0.000201, 0.0002035, 0.0002016, 0.0002024",894280
modexp-nagydani-1-qube,"2.45e-05, 2.26e-05, 2.18e-05, 2.15e-05, 2.17e-05, 2.08e-05, 1.93e-05, 1.84e-05, 1.79e-05, 1.81e-05, 1.82e-05, 1.85e-05, 1.84e-05, 1.82e-05, 1.82e-05, 1.82e-05, 1.8e-05, 1.82e-05, 2.11e-05, 1.78e-05, 1.8e-05, 1.7e-05, 1.84e-05, 1.88e-05, 1.89e-05, 1.89e-05, 1.88e-05, 1.82e-05, 1.83e-05, 1.84e-05, 1.95e-05, 5.57e-05, 1.89e-05, 1.86e-05, 1.86e-05, 1.87e-05, 1.83e-05, 1.85e-05, 1.86e-05, 1.91e-05, 1.86e-05, 1.87e-05, 1.85e-05, 1.84e-05, 1.87e-05, 1.86e-05, 1.84e-05, 1.96e-05, 1.87e-05",930168
modexp-nagydani-1-square,"2.34e-05, 2.24e-05, 2.15e-05, 2.17e-05, 2.1e-05, 2.17e-05, 2.12e-05, 2.35e-05, 2.34e-05, 2.2e-05, 2.2e-05, 2.24e-05, 1.89e-05, 1.75e-05, 2.2e-05, 2.17e-05, 1.99e-05, 1.82e-05, 5.72e-05, 1.79e-05, 1.76e-05, 1.74e-05, 1.79e-05, 1.8e-05, 1.82e-05, 1.83e-05, 1.82e-05, 1.79e-05, 1.8e-05, 1.82e-05, 2.34e-05, 1.8e-05, 1.8e-05, 1.8e-05, 1.76e-05, 1.77e-05, 1.79e-05, 1.84e-05, 1.8e-05, 1.77e-05, 1.77e-05, 1.78e-05, 1.79e-05, 1.78e-05, 1.77e-05, 1.8e-05, 1.81e-05, 1.81e-05, 1.95e-05",930168
modexp-eip_example1,"0.0001915, 0.0001904, 0.0001903, 0.0001953, 0.0002254, 0.0001929, 0.0001955, 0.0001967, 0.0001974, 0.0001957, 0.0001906, 0.0001988, 0.0001933, 0.0001939, 0.0001901, 0.0001907, 0.0001589, 0.0001903, 0.0001976, 0.0001734, 0.0001723, 0.0001571, 0.0001736, 0.0001699, 0.0001854, 0.0001852, 0.0001731, 0.0001613, 0.0001589, 0.0001574, 0.0001569, 0.0002426, 0.0002413, 0.0001591, 0.0002937, 0.0002272, 0.000323, 0.0002073, 0.0001979, 0.0002061, 0.0001999, 0.000195, 0.0001973, 0.0002031, 0.0001959, 0.0001913, 0.0002079, 0.0001964, 0.0001923",930168
bls12-381-aggreg-128-pubkeys-verify-sig,"0.0188356, 0.016090499, 0.0167343, 0.016494499, 0.0159327, 0.016241499, 0.015578, 0.0163653, 0.0156771, 0.0158153, 0.0155801, 0.0159628, 0.0159525, 0.0162182, 0.0159086, 0.0159313, 0.0159312, 0.01553, 0.0156286, 0.0155888, 0.0158106, 0.0159822, 0.0170714, 0.0160323, 0.0156376, 0.0159059, 0.0156906, 0.0155656, 0.0159019, 0.0155257, 0.0160291, 0.0157143, 0.0158957, 0.0157833, 0.0164052, 0.0156709, 0.0156788, 0.0155632, 0.0158159, 0.0156598, 0.0159187, 0.0157501, 0.015635, 0.0156847, 0.0157116, 0.0159234, 0.015819, 0.0158994, 0.0160694",1251752
bls12-381-aggreg-64-pubkeys-verify-sig,"0.0135281, 0.0141902, 0.0146232, 0.0135598, 0.0130063, 0.0109257, 0.0111156, 0.0109361, 0.0109196, 0.010793, 0.0107659, 0.0108576, 0.0114003, 0.010899, 0.0107528, 0.0107937, 0.0108289, 0.0108277, 0.0109702, 0.0108073, 0.0108753, 0.0106873, 0.0107841, 0.0108286, 0.0108426, 0.0111255, 0.0109283, 0.0107233, 0.0111999, 0.0107381, 0.0108986, 0.0108279, 0.0106766, 0.011179, 0.0108374, 0.010809, 0.0114173, 0.0108501, 0.0108299, 0.0111511, 0.0107988, 0.0107751, 0.0107176, 0.0107826, 0.0105867, 0.0108042, 0.0107446, 0.0112245, 0.0110935",1247656
bls12-381-aggreg-32-pubkeys-verify-sig,"0.0100295, 0.0097806, 0.0083034, 0.0081244, 0.008244899, 0.009281, 0.0090921, 0.008220599, 0.0083026, 0.0081234, 0.0086933, 0.008263999, 0.0083489, 0.0083401, 0.008811, 0.0082446, 0.0082319, 0.0086005, 0.0084467, 0.0083066, 0.0082813, 0.0084734, 0.008261699, 0.008268499, 0.008257999, 0.0092526, 0.0084248, 0.0119621, 0.0087645, 0.0084111, 0.0089934, 0.0106944, 0.0107368, 0.0101686, 0.0095287, 0.0085198, 0.0084721, 0.0083497, 0.0086552, 0.0083994, 0.0084158, 0.0084164, 0.0082459, 0.0083119, 0.008333, 0.0082196, 0.0083154, 0.0082515, 0.0083962",1243560
blake2b-8415-bytes,"2.21e-05, 1.96e-05, 1.83e-05, 2.1e-05, 1.77e-05, 1.79e-05, 1.8e-05, 1.69e-05, 1.54e-05, 1.46e-05, 1.54e-05, 1.59e-05, 1.61e-05, 1.87e-05, 1.58e-05, 1.67e-05, 1.74e-05, 1.99e-05, 1.57e-05, 1.48e-05, 1.48e-05, 1.52e-05, 1.72e-05, 1.47e-05, 1.47e-05, 1.46e-05, 1.48e-05, 1.47e-05, 1.48e-05, 1.49e-05, 1.47e-05, 1.52e-05, 1.52e-05, 1.75e-05, 1.53e-05, 1.53e-05, 1.5e-05, 1.53e-05, 1.51e-05, 1.53e-05, 1.54e-05, 1.52e-05, 1.51e-05, 1.52e-05, 1.5e-05, 1.53e-05, 1.5e-05, 1.52e-05, 1.5e-05",988728
blake2b-5610-bytes,"1.56e-05, 1.48e-05, 1.47e-05, 1.48e-05, 1.44e-05, 1.46e-05, 1.43e-05, 1.39e-05, 1.29e-05, 1.23e-05, 1.19e-05, 2.74e-05, 1.35e-05, 1.81e-05, 1.49e-05, 1.51e-05, 1.48e-05, 1.53e-05, 1.47e-05, 1.44e-05, 1.28e-05, 1.46e-05, 1.22e-05, 1.43e-05, 1.22e-05, 1.21e-05, 1.2e-05, 1.24e-05, 1.22e-05, 1.21e-05, 1.22e-05, 1.19e-05, 1.24e-05, 1.22e-05, 1.22e-05, 1.21e-05, 1.21e-05, 1.23e-05, 1.22e-05, 1.24e-05, 1.22e-05, 1.43e-05, 1.21e-05, 1.22e-05, 1.21e-05, 1.21e-05, 1.2e-05, 1.21e-05, 1.4e-05",988728
blake2b-2805-bytes,"1.18e-05, 1.53e-05, 1.5e-05, 1.65e-05, 1.21e-05, 1.23e-05, 1.2e-05, 1.18e-05, 1.27e-05, 1.21e-05, 1.3e-05, 1.38e-05, 1.36e-05, 1.27e-05, 1.25e-05, 1.2e-05, 1.21e-05, 1.24e-05, 1.21e-05, 1.12e-05, 1.13e-05, 1.13e-05, 1.13e-05, 1.1e-05, 1.09e-05, 1.07e-05, 9.9e-06, 9.2e-06, 9.3e-06, 9.2e-06, 9.3e-06, 9.2e-06, 9.3e-06, 9.5e-06, 9.2e-06, 9.2e-06, 9.3e-06, 9.3e-06, 9.3e-06, 9.2e-06, 9.5e-06, 9.5e-06, 9.4e-06, 9.2e-06, 9.4e-06, 9.3e-06, 9.1e-06, 9.1e-06, 9.3e-06",890160
ed25519-verify-ten-inputs,"0.0006236, 0.0006396, 0.0006185, 0.0006998, 0.0005994, 0.0005643, 0.0005278, 0.0004987, 0.0005021, 0.0009785, 0.0005834, 0.0008814, 0.0006726, 0.0004972, 0.0004996, 0.0006986, 0.0004981, 0.0004991, 0.0005112, 0.0005045, 0.0005019, 0.0005459, 0.000507, 0.0006482, 0.000573, 0.0005094, 0.000519799, 0.000603, 0.0005171, 0.0005116, 0.0005309, 0.000516299, 0.0005092, 0.0005157, 0.000517299, 0.0005357, 0.0005266, 0.0005147, 0.000516299, 0.0006052, 0.0005164, 0.0005152, 0.000517299, 0.000521299, 0.0006069, 0.0005256, 0.0005147, 0.000520299, 0.0005234",1085320
sha1-10808-bits,"1.03e-05, 1.01e-05, 1e-05, 9.8e-06, 9.8e-06, 1e-05, 8e-06, 9.8e-06, 9.4e-06, 8.7e-06, 8.4e-06, 8.1e-06, 7.9e-06, 8.5e-06, 9e-06, 8.3e-06, 8e-06, 8.4e-06, 8.5e-06, 8.3e-06, 8.1e-06, 8.1e-06, 8.1e-06, 7.5e-06, 6e-06, 9.1e-06, 8.8e-06, 8.6e-06, 8.5e-06, 8.5e-06, 8.4e-06, 8.3e-06, 8.4e-06, 8.3e-06, 8.6e-06, 8.7e-06, 8.7e-06, 9.7e-06, 1.06e-05, 1.08e-05, 1.11e-05, 1.18e-05, 1.1e-05, 1.06e-05, 1.03e-05, 1.06e-05, 1.02e-05, 1.02e-05, 1e-05",877760
sha1-21896-bits,"1.36e-05, 1.33e-05, 1.28e-05, 1.29e-05, 1.26e-05, 1.3e-05, 1.34e-05, 1.31e-05, 1.29e-05, 1.29e-05, 1.35e-05, 1.29e-05, 1.25e-05, 1.24e-05, 1.14e-05, 2.04e-05, 1.08e-05, 1.06e-05, 1.08e-05, 1.08e-05, 1.09e-05, 1.07e-05, 1.09e-05, 1.07e-05, 1.07e-05, 1.06e-05, 1.07e-05, 1.08e-05, 1.08e-05, 1.07e-05, 1.07e-05, 1.08e-05, 1.06e-05, 1.06e-05, 1.08e-05, 1.06e-05, 1.07e-05, 1.08e-05, 1.06e-05, 1.09e-05, 1.05e-05, 1.05e-05, 1.06e-05, 1.05e-05, 1.04e-05, 1.05e-05, 1.04e-05, 1.05e-05, 1.1e-05",877760
sha1-42488-bits,"1.92e-05, 1.87e-05, 1.85e-05, 1.79e-05, 1.78e-05, 1.8e-05, 1.77e-05, 1.61e-05, 1.5e-05, 1.49e-05, 1.49e-05, 1.49e-05, 1.49e-05, 1.49e-05, 1.5e-05, 1.51e-05, 1.5e-05, 1.5e-05, 1.6e-05, 1.55e-05, 1.51e-05, 1.53e-05, 1.53e-05, 1.56e-05, 1.5e-05, 1.5e-05, 1.48e-05, 1.5e-05, 1.48e-05, 1.48e-05, 1.5e-05, 1.51e-05, 1.49e-05, 1.5e-05, 1.49e-05, 1.54e-05, 1.51e-05, 1.5e-05, 1.5e-05, 1.51e-05, 1.52e-05, 1.51e-05, 1.49e-05, 1.5e-05, 1.53e-05, 1.5e-05, 1.52e-05, 1.52e-05, 1.49e-05",980424
bn128_add-cdetrio11,"1.8e-05, 1.77e-05, 1.74e-05, 1.75e-05, 1.75e-05, 1.8e-05, 1.82e-05, 1.82e-05, 1.9e-05, 1.98e-05, 1.94e-05, 1.83e-05, 1.79e-05, 1.78e-05, 1.75e-05, 1.97e-05, 1.78e-05, 1.75e-05, 1.72e-05, 1.7e-05, 1.68e-05, 1.83e-05, 1.77e-05, 1.75e-05, 1.77e-05, 1.76e-05, 1.78e-05, 1.74e-05, 1.73e-05, 1.7e-05, 1.71e-05, 1.53e-05, 1.41e-05, 1.43e-05, 3.43e-05, 1.43e-05, 1.44e-05, 1.4e-05, 1.39e-05, 1.4e-05, 1.4e-05, 1.45e-05, 1.39e-05, 1.43e-05, 1.41e-05, 1.39e-05, 1.43e-05, 1.42e-05, 1.43e-05",894232
bn128_add-cdetrio14,"1.01e-05, 1.06e-05, 9.5e-06, 1.01e-05, 1.02e-05, 9.7e-06, 9.5e-06, 9.5e-06, 9.6e-06, 9.2e-06, 9.3e-06, 9.1e-06, 8.4e-06, 7.7e-06, 7.5e-06, 7.7e-06, 7.7e-06, 7.6e-06, 7.5e-06, 7.7e-06, 7.7e-06, 7.5e-06, 7.4e-06, 7.6e-06, 7.6e-06, 7.8e-06, 7.8e-06, 7.8e-06, 7.7e-06, 7.7e-06, 7.9e-06, 7.8e-06, 7.8e-06, 7.8e-06, 7.8e-06, 7.7e-06, 7.9e-06, 7.9e-06, 7.7e-06, 7.8e-06, 7.7e-06, 7.8e-06, 7.8e-06, 7.7e-06, 7.8e-06, 7.9e-06, 7.7e-06, 7.9e-06, 7.8e-06",894232
bn128_add-cdetrio10,"9e-06, 8.6e-06, 9.1e-06, 8.7e-06, 8.6e-06, 7e-06, 8.5e-06, 8.5e-06, 8.4e-06, 8.4e-06, 8.4e-06, 9e-06, 9.5e-06, 9.3e-06, 9.3e-06, 9e-06, 9e-06, 8.7e-06, 9.1e-06, 8.8e-06, 8.3e-06, 8.7e-06, 8.3e-06, 6.9e-06, 8.4e-06, 8.1e-06, 8e-06, 7.7e-06, 6.9e-06, 7e-06, 6.9e-06, 6.8e-06, 6.8e-06, 6.9e-06, 6.9e-06, 6.8e-06, 6.9e-06, 6.9e-06, 7e-06, 6.9e-06, 6.8e-06, 6.9e-06, 6.9e-06, 7e-06, 6.9e-06, 6.9e-06, 7e-06, 6.8e-06, 6.9e-06",894232
